Possible Amino Acids,IUPAC Codons,Description
/,"TAA, TAG, TAR, TGA, TRA","Stop codon, No hydrophobic, No polar, No positives, No negatives"
"/,A,C,D,E,F,G,H,I,K,L,M,N,P,Q,R,S,T,V,W,Y","NNK, NNS, NNB, NND, NNV, NNN",Stop codon
"/,A,C,D,E,F,G,H,I,K,L,N,P,Q,R,S,T,V,Y","NNM, NNW, NNH",Stop codon
"/,A,C,D,E,F,G,H,L,P,Q,R,S,V,W,Y","BNK, BNS, BNB, BND, BNV, BNN",Stop codon
"/,A,C,D,E,F,G,H,L,P,Q,R,S,V,Y","BNM, BNW, BNH",Stop codon
"/,A,C,D,E,F,G,I,K,L,M,N,R,S,T,V,W,Y","DNK, DNS, DNB, DND, DNV, DNN",Stop codon
"/,A,C,D,E,F,G,I,K,L,N,R,S,T,V,Y","DNM, DNW, DNH",Stop codon
"/,A,C,D,E,F,G,L,S,V,W,Y","KNK, KNS, KNB, KND, KNV, KNN","Stop codon, No positives"
"/,A,C,D,E,F,G,L,S,V,Y","KNM, KNW, KNH","Stop codon, No positives"
"/,A,C,D,E,G,H,K,N,P,Q,R,S,T,W,Y","NVK, NVS, NVB, NVD, NVV, NVN",Stop codon
"/,A,C,D,E,G,H,K,N,P,Q,R,S,T,Y","NVM, NVW, NVH",Stop codon
"/,A,C,D,E,G,H,P,Q,R,S,W,Y","BVK, BVS, BVB, BVD, BVV, BVN",Stop codon
"/,A,C,D,E,G,H,P,Q,R,S,Y","BVM, BVW, BVH",Stop codon
"/,A,C,D,E,G,K,N,R,S,T,W,Y","DVK, DVS, DVB, DVD, DVV, DVN",Stop codon
"/,A,C,D,E,G,K,N,R,S,T,Y","DVM, DVW, DVH",Stop codon
"/,A,C,D,E,G,S,W,Y","KVK, KVS, KVB, KVD, KVV, KVN","Stop codon, No positives"
"/,A,C,D,E,G,S,Y","KVM, KVW, KVH","Stop codon, No positives"
"/,A,C,F,G,I,L,M,P,R,S,T,V,W","NBD, NBV, NBN","Stop codon, No negatives"
"/,A,C,F,G,I,L,M,R,S,T,V,W","DBD, DBV, DBN","Stop codon, No negatives"
"/,A,C,F,G,I,L,P,R,S,T,V","NBM, NBW, NBH","Stop codon, No negatives"
"/,A,C,F,G,I,L,R,S,T,V","DBM, DBW, DBH","Stop codon, No negatives"
"/,A,C,F,G,L,P,R,S,V","BBM, BBW, BBH","Stop codon, No negatives"
"/,A,C,F,G,L,P,R,S,V,W","BBD, BBV, BBN","Stop codon, No negatives"
"/,A,C,F,G,L,S,V","KBM, KBW, KBH","Stop codon, No positives, No negatives"
"/,A,C,F,G,L,S,V,W","KBD, KBV, KBN","Stop codon, No positives, No negatives"
"/,A,C,G,P,R,S","BSM, BSW, BSH","Stop codon, No negatives"
"/,A,C,G,P,R,S,T","NSM, NSW, NSH","Stop codon, No negatives"
"/,A,C,G,P,R,S,T,W","NSD, NSV, NSN","Stop codon, No negatives"
"/,A,C,G,P,R,S,W","BSD, BSV, BSN","Stop codon, No negatives"
"/,A,C,G,R,S,T","DSM, DSW, DSH","Stop codon, No negatives"
"/,A,C,G,R,S,T,W","DSD, DSV, DSN","Stop codon, No negatives"
"/,A,C,G,S","KSM, KSW, KSH","Stop codon, No positives, No negatives"
"/,A,C,G,S,W","KSD, KSV, KSN","Stop codon, No positives, No negatives"
"/,A,D,E,F,H,I,K,L,M,N,P,Q,S,T,V,Y","NHK, NHS, NHB, NHD, NHV, NHN",Stop codon
"/,A,D,E,F,H,I,K,L,N,P,Q,S,T,V,Y","NHM, NHW, NHH",Stop codon
"/,A,D,E,F,H,L,P,Q,S,V,Y","BHK, BHM, BHS, BHW, BHB, BHD, BHH, BHV, BHN",Stop codon
"/,A,D,E,F,I,K,L,M,N,S,T,V,Y","DHK, DHS, DHB, DHD, DHV, DHN",Stop codon
"/,A,D,E,F,I,K,L,N,S,T,V,Y","DHM, DHW, DHH",Stop codon
"/,A,D,E,F,L,S,V,Y","KHK, KHM, KHS, KHW, KHB, KHD, KHH, KHV, KHN","Stop codon, No positives"
"/,A,D,E,H,K,N,P,Q,S,T,Y","NMK, NMM, NMS, NMW, NMB, NMD, NMH, NMV, NMN",Stop codon
"/,A,D,E,H,P,Q,S,Y","BMK, BMM, BMS, BMW, BMB, BMD, BMH, BMV, BMN",Stop codon
"/,A,D,E,K,N,S,T,Y","DMK, DMM, DMS, DMW, DMB, DMD, DMH, DMV, DMN",Stop codon
"/,A,D,E,S,Y","KMK, KMM, KMS, KMW, KMB, KMD, KMH, KMV, KMN","Stop codon, No positives"
"/,A,E,G,I,K,L,M,P,Q,R,S,T,V,W",NNR,Stop codon
"/,A,E,G,I,K,L,M,R,S,T,V,W",DNR,Stop codon
"/,A,E,G,I,K,L,P,Q,R,S,T,V",NNA,Stop codon
"/,A,E,G,I,K,L,R,S,T,V",DNA,Stop codon
"/,A,E,G,K,L,M,P,Q,R,S,T,V,W",NNG,Stop codon
"/,A,E,G,K,L,M,R,S,T,V,W",DNG,Stop codon
"/,A,E,G,K,P,Q,R,S,T",NVA,Stop codon
"/,A,E,G,K,P,Q,R,S,T,W","NVG, NVR",Stop codon
"/,A,E,G,K,R,S,T",DVA,Stop codon
"/,A,E,G,K,R,S,T,W","DVG, DVR",Stop codon
"/,A,E,G,L,P,Q,R,S,V",BNA,Stop codon
"/,A,E,G,L,P,Q,R,S,V,W","BNG, BNR",Stop codon
"/,A,E,G,L,S,V",KNA,"Stop codon, No positives"
"/,A,E,G,L,S,V,W","KNG, KNR","Stop codon, No positives"
"/,A,E,G,P,Q,R,S",BVA,Stop codon
"/,A,E,G,P,Q,R,S,W","BVG, BVR",Stop codon
"/,A,E,G,S",KVA,"Stop codon, No positives"
"/,A,E,G,S,W","KVG, KVR","Stop codon, No positives"
"/,A,E,I,K,L,M,P,Q,S,T,V",NHR,Stop codon
"/,A,E,I,K,L,M,S,T,V",DHR,Stop codon
"/,A,E,I,K,L,P,Q,S,T,V",NHA,Stop codon
"/,A,E,I,K,L,S,T,V",DHA,Stop codon
"/,A,E,K,L,M,P,Q,S,T,V",NHG,Stop codon
"/,A,E,K,L,M,S,T,V",DHG,Stop codon
"/,A,E,K,P,Q,S,T","NMA, NMG, NMR",Stop codon
"/,A,E,K,S,T","DMA, DMG, DMR",Stop codon
"/,A,E,L,P,Q,S,V","BHA, BHG, BHR","Stop codon, No positives"
"/,A,E,L,S,V","KHA, KHG, KHR","Stop codon, No positives"
"/,A,E,P,Q,S","BMA, BMG, BMR","Stop codon, No positives"
"/,A,E,S","KMA, KMG, KMR","Stop codon, No positives"
"/,A,G,I,L,M,P,R,S,T,V,W",NBR,"Stop codon, No negatives"
"/,A,G,I,L,M,R,S,T,V,W",DBR,"Stop codon, No negatives"
"/,A,G,I,L,P,R,S,T,V",NBA,"Stop codon, No negatives"
"/,A,G,I,L,R,S,T,V",DBA,"Stop codon, No negatives"
"/,A,G,L,P,R,S,V",BBA,"Stop codon, No negatives"
"/,A,G,L,P,R,S,V,W",BBR,"Stop codon, No negatives"
"/,A,G,L,S,V",KBA,"Stop codon, No positives, No negatives"
"/,A,G,L,S,V,W",KBR,"Stop codon, No positives, No negatives"
"/,A,G,P,R,S",BSA,"Stop codon, No negatives"
"/,A,G,P,R,S,T",NSA,"Stop codon, No negatives"
"/,A,G,P,R,S,T,W",NSR,"Stop codon, No negatives"
"/,A,G,P,R,S,W",BSR,"Stop codon, No negatives"
"/,A,G,R,S,T",DSA,"Stop codon, No negatives"
"/,A,G,R,S,T,W",DSR,"Stop codon, No negatives"
"/,A,G,S",KSA,"Stop codon, No positives, No negatives"
"/,A,G,S,W",KSR,"Stop codon, No positives, No negatives"
"/,C","TGM, TGW, TGH","Stop codon, No hydrophobic, No polar, No positives, No negatives"
"/,C,D,E,F,G,H,I,K,L,M,N,Q,R,S,V,W,Y","NDK, NDS, NDB, NDD, NDV, NDN",Stop codon
"/,C,D,E,F,G,H,I,K,L,N,Q,R,S,V,Y","NDM, NDW, NDH",Stop codon
"/,C,D,E,F,G,H,L,Q,R,V,W,Y","BDK, BDS, BDB, BDD, BDV, BDN",Stop codon
"/,C,D,E,F,G,H,L,Q,R,V,Y","BDM, BDW, BDH",Stop codon
"/,C,D,E,F,G,I,K,L,M,N,R,S,V,W,Y","DDK, DDS, DDB, DDD, DDV, DDN",Stop codon
"/,C,D,E,F,G,I,K,L,N,R,S,V,Y","DDM, DDW, DDH",Stop codon
"/,C,D,E,F,G,L,V,W,Y","KDK, KDS, KDB, KDD, KDV, KDN","Stop codon, No positives"
"/,C,D,E,F,G,L,V,Y","KDM, KDW, KDH","Stop codon, No positives"
"/,C,D,E,G,H,K,N,Q,R,S,W,Y","NRK, NRS, NRB, NRD, NRV, NRN",Stop codon
"/,C,D,E,G,H,K,N,Q,R,S,Y","NRM, NRW, NRH","Stop codon, No hydrophobic"
"/,C,D,E,G,H,Q,R,W,Y","BRK, BRS, BRB, BRD, BRV, BRN",Stop codon
"/,C,D,E,G,H,Q,R,Y","BRM, BRW, BRH","Stop codon, No hydrophobic"
"/,C,D,E,G,K,N,R,S,W,Y","DRK, DRS, DRB, DRD, DRV, DRN",Stop codon
"/,C,D,E,G,K,N,R,S,Y","DRM, DRW, DRH","Stop codon, No hydrophobic"
"/,C,D,E,G,W,Y","KRK, KRS, KRB, KRD, KRV, KRN","Stop codon, No positives"
"/,C,D,E,G,Y","KRM, KRW, KRH","Stop codon, No hydrophobic, No positives"
"/,C,F,G,I,L,M,R,S,V,W","DKD, DKV, DKN, NKD, NKV, NKN","Stop codon, No negatives"
"/,C,F,G,I,L,R,S,V","DKM, DKW, DKH, NKM, NKW, NKH","Stop codon, No negatives"
"/,C,F,G,L,R,V","BKM, BKW, BKH","Stop codon, No polar, No negatives"
"/,C,F,G,L,R,V,W","BKD, BKV, BKN","Stop codon, No polar, No negatives"
"/,C,F,G,L,V","KKM, KKW, KKH","Stop codon, No polar, No positives, No negatives"
"/,C,F,G,L,V,W","KKD, KKV, KKN","Stop codon, No polar, No positives, No negatives"
"/,C,F,H,I,K,L,M,N,P,Q,R,S,T,W,Y","HNK, HNS, HNB, HND, HNV, HNN","Stop codon, No negatives"
"/,C,F,H,I,K,L,M,N,Q,R,S,W,Y","HDK, HDS, HDB, HDD, HDV, HDN","Stop codon, No negatives"
"/,C,F,H,I,K,L,N,P,Q,R,S,T,Y","HNM, HNW, HNH","Stop codon, No negatives"
"/,C,F,H,I,K,L,N,Q,R,S,Y","HDM, HDW, HDH","Stop codon, No negatives"
"/,C,F,H,L,P,Q,R,S,W,Y","YNK, YNS, YNB, YND, YNV, YNN","Stop codon, No negatives"
"/,C,F,H,L,P,Q,R,S,Y","YNM, YNW, YNH","Stop codon, No negatives"
"/,C,F,H,L,Q,R,W,Y","YDK, YDS, YDB, YDD, YDV, YDN","Stop codon, No negatives"
"/,C,F,H,L,Q,R,Y","YDM, YDW, YDH","Stop codon, No negatives"
"/,C,F,I,K,L,M,N,R,S,T,W,Y","WNK, WNS, WNB, WND, WNV, WNN","Stop codon, No negatives"
"/,C,F,I,K,L,M,N,R,S,W,Y","WDK, WDS, WDB, WDD, WDV, WDN","Stop codon, No negatives"
"/,C,F,I,K,L,N,R,S,T,Y","WNM, WNW, WNH","Stop codon, No negatives"
"/,C,F,I,K,L,N,R,S,Y","WDM, WDW, WDH","Stop codon, No negatives"
"/,C,F,I,L,M,P,R,S,T,W","HBD, HBV, HBN","Stop codon, No negatives"
"/,C,F,I,L,M,R,S,T,W","WBD, WBV, WBN","Stop codon, No negatives"
"/,C,F,I,L,M,R,S,W","WKD, WKV, WKN, HKD, HKV, HKN","Stop codon, No negatives"
"/,C,F,I,L,P,R,S,T","HBM, HBW, HBH","Stop codon, No negatives"
"/,C,F,I,L,R,S","WKM, WKW, WKH, HKM, HKW, HKH","Stop codon, No negatives"
"/,C,F,I,L,R,S,T","WBM, WBW, WBH","Stop codon, No negatives"
"/,C,F,L","TKM, TKW, TKH","Stop codon, No polar, No positives, No negatives"
"/,C,F,L,P,R,S","YBM, YBW, YBH","Stop codon, No negatives"
"/,C,F,L,P,R,S,W","YBD, YBV, YBN","Stop codon, No negatives"
"/,C,F,L,R","YKM, YKW, YKH","Stop codon, No polar, No negatives"
"/,C,F,L,R,W","YKD, YKV, YKN","Stop codon, No polar, No negatives"
"/,C,F,L,S","TBM, TBW, TBH","Stop codon, No positives, No negatives"
"/,C,F,L,S,W","TBD, TBV, TBN","Stop codon, No positives, No negatives"
"/,C,F,L,S,W,Y","TNK, TNS, TNB, TND, TNV, TNN","Stop codon, No positives, No negatives"
"/,C,F,L,S,Y","TNM, TNW, TNH","Stop codon, No positives, No negatives"
"/,C,F,L,W","TKD, TKV, TKN","Stop codon, No polar, No positives, No negatives"
"/,C,F,L,W,Y","TDK, TDS, TDB, TDD, TDV, TDN","Stop codon, No positives, No negatives"
"/,C,F,L,Y","TDM, TDW, TDH","Stop codon, No positives, No negatives"
"/,C,G","KGM, KGW, KGH","Stop codon, No hydrophobic, No polar, No positives, No negatives"
"/,C,G,R","BGM, BGW, BGH","Stop codon, No hydrophobic, No polar, No negatives"
"/,C,G,R,S","DGM, DGW, DGH, NGM, NGW, NGH","Stop codon, No hydrophobic, No negatives"
"/,C,G,R,S,W","DGD, DGV, DGN, NGD, NGV, NGN","Stop codon, No negatives"
"/,C,G,R,W","BGD, BGV, BGN","Stop codon, No polar, No negatives"
"/,C,G,W","KGD, KGV, KGN","Stop codon, No polar, No positives, No negatives"
"/,C,H,K,N,P,Q,R,S,T,W,Y","HVK, HVS, HVB, HVD, HVV, HVN","Stop codon, No negatives"
"/,C,H,K,N,P,Q,R,S,T,Y","HVM, HVW, HVH","Stop codon, No hydrophobic, No negatives"
"/,C,H,K,N,Q,R,S,W,Y","HRK, HRS, HRB, HRD, HRV, HRN","Stop codon, No negatives"
"/,C,H,K,N,Q,R,S,Y","HRM, HRW, HRH","Stop codon, No hydrophobic, No negatives"
"/,C,H,P,Q,R,S,W,Y","YVK, YVS, YVB, YVD, YVV, YVN","Stop codon, No negatives"
"/,C,H,P,Q,R,S,Y","YVM, YVW, YVH","Stop codon, No hydrophobic, No negatives"
"/,C,H,Q,R,W,Y","YRK, YRS, YRB, YRD, YRV, YRN","Stop codon, No negatives"
"/,C,H,Q,R,Y","YRM, YRW, YRH","Stop codon, No hydrophobic, No negatives"
"/,C,K,N,R,S,T,W,Y","WVK, WVS, WVB, WVD, WVV, WVN","Stop codon, No negatives"
"/,C,K,N,R,S,T,Y","WVM, WVW, WVH","Stop codon, No hydrophobic, No negatives"
"/,C,K,N,R,S,W,Y","WRK, WRS, WRB, WRD, WRV, WRN","Stop codon, No negatives"
"/,C,K,N,R,S,Y","WRM, WRW, WRH","Stop codon, No hydrophobic, No negatives"
"/,C,P,R,S","YSM, YSW, YSH","Stop codon, No hydrophobic, No negatives"
"/,C,P,R,S,T","HSM, HSW, HSH","Stop codon, No hydrophobic, No negatives"
"/,C,P,R,S,T,W","HSD, HSV, HSN","Stop codon, No negatives"
"/,C,P,R,S,W","YSD, YSV, YSN","Stop codon, No negatives"
"/,C,R","YGM, YGW, YGH","Stop codon, No hydrophobic, No polar, No negatives"
"/,C,R,S","WGM, WGW, WGH, HGM, HGW, HGH","Stop codon, No hydrophobic, No negatives"
"/,C,R,S,T","WSM, WSW, WSH","Stop codon, No hydrophobic, No negatives"
"/,C,R,S,T,W","WSD, WSV, WSN","Stop codon, No negatives"
"/,C,R,S,W","WGD, WGV, WGN, HGD, HGV, HGN","Stop codon, No negatives"
"/,C,R,W","YGD, YGV, YGN","Stop codon, No polar, No negatives"
"/,C,S","TSM, TSW, TSH","Stop codon, No hydrophobic, No positives, No negatives"
"/,C,S,W","TSD, TSV, TSN","Stop codon, No positives, No negatives"
"/,C,S,W,Y","TVK, TVS, TVB, TVD, TVV, TVN","Stop codon, No positives, No negatives"
"/,C,S,Y","TVM, TVW, TVH","Stop codon, No hydrophobic, No positives, No negatives"
"/,C,W","TGD, TGV, TGN","Stop codon, No polar, No positives, No negatives"
"/,C,W,Y","TRK, TRS, TRB, TRD, TRV, TRN","Stop codon, No positives, No negatives"
"/,C,Y","TRM, TRW, TRH","Stop codon, No hydrophobic, No positives, No negatives"
"/,D,E,F,H,I,K,L,M,N,Q,V,Y","NWK, NWS, NWB, NWD, NWV, NWN",Stop codon
"/,D,E,F,H,I,K,L,N,Q,V,Y","NWM, NWW, NWH",Stop codon
"/,D,E,F,H,L,Q,V,Y","BWK, BWM, BWS, BWW, BWB, BWD, BWH, BWV, BWN",Stop codon
"/,D,E,F,I,K,L,M,N,V,Y","DWK, DWS, DWB, DWD, DWV, DWN",Stop codon
"/,D,E,F,I,K,L,N,V,Y","DWM, DWW, DWH",Stop codon
"/,D,E,F,L,V,Y","KWK, KWM, KWS, KWW, KWB, KWD, KWH, KWV, KWN","Stop codon, No positives"
"/,D,E,H,K,N,Q,Y","NAK, NAM, NAS, NAW, NAB, NAD, NAH, NAV, NAN","Stop codon, No hydrophobic"
"/,D,E,H,Q,Y","BAK, BAM, BAS, BAW, BAB, BAD, BAH, BAV, BAN","Stop codon, No hydrophobic"
"/,D,E,K,N,Y","DAK, DAM, DAS, DAW, DAB, DAD, DAH, DAV, DAN","Stop codon, No hydrophobic"
"/,D,E,Y","KAK, KAM, KAS, KAW, KAB, KAD, KAH, KAV, KAN","Stop codon, No hydrophobic, No positives"
"/,E","KAA, KAG, KAR","Stop codon, No hydrophobic, No polar, No positives"
"/,E,G",KRA,"Stop codon, No hydrophobic, No polar, No positives"
"/,E,G,I,K,L,M,Q,R,V,W",NDR,Stop codon
"/,E,G,I,K,L,M,R,V,W",DDR,"Stop codon, No polar"
"/,E,G,I,K,L,Q,R,V",NDA,Stop codon
"/,E,G,I,K,L,R,V",DDA,"Stop codon, No polar"
"/,E,G,K,L,M,Q,R,V,W",NDG,Stop codon
"/,E,G,K,L,M,R,V,W",DDG,"Stop codon, No polar"
"/,E,G,K,Q,R",NRA,"Stop codon, No hydrophobic"
"/,E,G,K,Q,R,W","NRG, NRR",Stop codon
"/,E,G,K,R",DRA,"Stop codon, No hydrophobic, No polar"
"/,E,G,K,R,W","DRG, DRR","Stop codon, No polar"
"/,E,G,L,Q,R,V",BDA,Stop codon
"/,E,G,L,Q,R,V,W","BDG, BDR",Stop codon
"/,E,G,L,V",KDA,"Stop codon, No polar, No positives"
"/,E,G,L,V,W","KDG, KDR","Stop codon, No polar, No positives"
"/,E,G,Q,R",BRA,"Stop codon, No hydrophobic"
"/,E,G,Q,R,W","BRG, BRR",Stop codon
"/,E,G,W","KRG, KRR","Stop codon, No polar, No positives"
"/,E,I,K,L,M,Q,V",NWR,Stop codon
"/,E,I,K,L,M,V",DWR,"Stop codon, No polar"
"/,E,I,K,L,Q,V",NWA,Stop codon
"/,E,I,K,L,V",DWA,"Stop codon, No polar"
"/,E,K","DAA, DAG, DAR","Stop codon, No hydrophobic, No polar"
"/,E,K,L,M,Q,V",NWG,Stop codon
"/,E,K,L,M,V",DWG,"Stop codon, No polar"
"/,E,K,Q","NAA, NAG, NAR","Stop codon, No hydrophobic"
"/,E,L,Q,V","BWA, BWG, BWR","Stop codon, No positives"
"/,E,L,V","KWA, KWG, KWR","Stop codon, No polar, No positives"
"/,E,Q","BAA, BAG, BAR","Stop codon, No hydrophobic, No positives"
"/,F,H,I,K,L,M,N,P,Q,S,T,Y","HHK, HHS, HHB, HHD, HHV, HHN","Stop codon, No negatives"
"/,F,H,I,K,L,M,N,Q,Y","HWK, HWS, HWB, HWD, HWV, HWN","Stop codon, No negatives"
"/,F,H,I,K,L,N,P,Q,S,T,Y","HHM, HHW, HHH","Stop codon, No negatives"
"/,F,H,I,K,L,N,Q,Y","HWM, HWW, HWH","Stop codon, No negatives"
"/,F,H,L,P,Q,S,Y","YHK, YHM, YHS, YHW, YHB, YHD, YHH, YHV, YHN","Stop codon, No negatives"
"/,F,H,L,Q,Y","YWK, YWM, YWS, YWW, YWB, YWD, YWH, YWV, YWN","Stop codon, No negatives"
"/,F,I,K,L,M,N,S,T,Y","WHK, WHS, WHB, WHD, WHV, WHN","Stop codon, No negatives"
"/,F,I,K,L,M,N,Y","WWK, WWS, WWB, WWD, WWV, WWN","Stop codon, No negatives"
"/,F,I,K,L,N,S,T,Y","WHM, WHW, WHH","Stop codon, No negatives"
"/,F,I,K,L,N,Y","WWM, WWW, WWH","Stop codon, No negatives"
"/,F,L,S,Y","THK, THM, THS, THW, THB, THD, THH, THV, THN","Stop codon, No positives, No negatives"
"/,F,L,Y","TWK, TWM, TWS, TWW, TWB, TWD, TWH, TWV, TWN","Stop codon, No positives, No negatives"
"/,G",KGA,"Stop codon, No hydrophobic, No polar, No positives, No negatives"
"/,G,I,L,M,R,V,W","DKR, NKR","Stop codon, No polar, No negatives"
"/,G,I,L,R,V","DKA, NKA","Stop codon, No polar, No negatives"
"/,G,L,R,V",BKA,"Stop codon, No polar, No negatives"
"/,G,L,R,V,W",BKR,"Stop codon, No polar, No negatives"
"/,G,L,V",KKA,"Stop codon, No polar, No positives, No negatives"
"/,G,L,V,W",KKR,"Stop codon, No polar, No positives, No negatives"
"/,G,R","BGA, DGA, NGA","Stop codon, No hydrophobic, No polar, No negatives"
"/,G,R,W","BGR, DGR, NGR","Stop codon, No polar, No negatives"
"/,G,W",KGR,"Stop codon, No polar, No positives, No negatives"
"/,H,K,N,P,Q,S,T,Y","HMK, HMM, HMS, HMW, HMB, HMD, HMH, HMV, HMN","Stop codon, No hydrophobic, No negatives"
"/,H,K,N,Q,Y","HAK, HAM, HAS, HAW, HAB, HAD, HAH, HAV, HAN","Stop codon, No hydrophobic, No negatives"
"/,H,P,Q,S,Y","YMK, YMM, YMS, YMW, YMB, YMD, YMH, YMV, YMN","Stop codon, No hydrophobic, No negatives"
"/,H,Q,Y","YAK, YAM, YAS, YAW, YAB, YAD, YAH, YAV, YAN","Stop codon, No hydrophobic, No negatives"
"/,I,K,L",WWA,"Stop codon, No polar, No negatives"
"/,I,K,L,M",WWR,"Stop codon, No polar, No negatives"
"/,I,K,L,M,P,Q,R,S,T,W",HNR,"Stop codon, No negatives"
"/,I,K,L,M,P,Q,S,T",HHR,"Stop codon, No negatives"
"/,I,K,L,M,Q",HWR,"Stop codon, No negatives"
"/,I,K,L,M,Q,R,W",HDR,"Stop codon, No negatives"
"/,I,K,L,M,R,S,T,W",WNR,"Stop codon, No negatives"
"/,I,K,L,M,R,W",WDR,"Stop codon, No polar, No negatives"
"/,I,K,L,M,S,T",WHR,"Stop codon, No negatives"
"/,I,K,L,P,Q,R,S,T",HNA,"Stop codon, No negatives"
"/,I,K,L,P,Q,S,T",HHA,"Stop codon, No negatives"
"/,I,K,L,Q",HWA,"Stop codon, No negatives"
"/,I,K,L,Q,R",HDA,"Stop codon, No negatives"
"/,I,K,L,R",WDA,"Stop codon, No polar, No negatives"
"/,I,K,L,R,S,T",WNA,"Stop codon, No negatives"
"/,I,K,L,S,T",WHA,"Stop codon, No negatives"
"/,I,L,M,P,R,S,T,W",HBR,"Stop codon, No negatives"
"/,I,L,M,R,S,T,W",WBR,"Stop codon, No negatives"
"/,I,L,M,R,W","WKR, HKR","Stop codon, No polar, No negatives"
"/,I,L,P,R,S,T",HBA,"Stop codon, No negatives"
"/,I,L,R","WKA, HKA","Stop codon, No polar, No negatives"
"/,I,L,R,S,T",WBA,"Stop codon, No negatives"
"/,K","WAA, WAG, WAR","Stop codon, No hydrophobic, No polar, No negatives"
"/,K,L,M",WWG,"Stop codon, No polar, No negatives"
"/,K,L,M,P,Q,R,S,T,W",HNG,"Stop codon, No negatives"
"/,K,L,M,P,Q,S,T",HHG,"Stop codon, No negatives"
"/,K,L,M,Q",HWG,"Stop codon, No negatives"
"/,K,L,M,Q,R,W",HDG,"Stop codon, No negatives"
"/,K,L,M,R,S,T,W",WNG,"Stop codon, No negatives"
"/,K,L,M,R,W",WDG,"Stop codon, No polar, No negatives"
"/,K,L,M,S,T",WHG,"Stop codon, No negatives"
"/,K,N,S,T,Y","WMK, WMM, WMS, WMW, WMB, WMD, WMH, WMV, WMN","Stop codon, No hydrophobic, No negatives"
"/,K,N,Y","WAK, WAM, WAS, WAW, WAB, WAD, WAH, WAV, WAN","Stop codon, No hydrophobic, No negatives"
"/,K,P,Q,R,S,T",HVA,"Stop codon, No hydrophobic, No negatives"
"/,K,P,Q,R,S,T,W","HVG, HVR","Stop codon, No negatives"
"/,K,P,Q,S,T","HMA, HMG, HMR","Stop codon, No hydrophobic, No negatives"
"/,K,Q","HAA, HAG, HAR","Stop codon, No hydrophobic, No negatives"
"/,K,Q,R",HRA,"Stop codon, No hydrophobic, No negatives"
"/,K,Q,R,W","HRG, HRR","Stop codon, No negatives"
"/,K,R",WRA,"Stop codon, No hydrophobic, No polar, No negatives"
"/,K,R,S,T",WVA,"Stop codon, No hydrophobic, No negatives"
"/,K,R,S,T,W","WVG, WVR","Stop codon, No negatives"
"/,K,R,W","WRG, WRR","Stop codon, No polar, No negatives"
"/,K,S,T","WMA, WMG, WMR","Stop codon, No hydrophobic, No negatives"
"/,L","TKA, TWA, TWG, TWR, TDA","Stop codon, No polar, No positives, No negatives"
"/,L,P,Q,R,S",YNA,"Stop codon, No negatives"
"/,L,P,Q,R,S,W","YNG, YNR","Stop codon, No negatives"
"/,L,P,Q,S","YHA, YHG, YHR","Stop codon, No positives, No negatives"
"/,L,P,R,S",YBA,"Stop codon, No negatives"
"/,L,P,R,S,W",YBR,"Stop codon, No negatives"
"/,L,Q","YWA, YWG, YWR","Stop codon, No positives, No negatives"
"/,L,Q,R",YDA,"Stop codon, No negatives"
"/,L,Q,R,W","YDG, YDR","Stop codon, No negatives"
"/,L,R",YKA,"Stop codon, No polar, No negatives"
"/,L,R,W",YKR,"Stop codon, No polar, No negatives"
"/,L,S","TBA, THA, THG, THR, TNA","Stop codon, No positives, No negatives"
"/,L,S,W","TBR, TNG, TNR","Stop codon, No positives, No negatives"
"/,L,W","TKR, TDG, TDR","Stop codon, No polar, No positives, No negatives"
"/,P,Q,R,S",YVA,"Stop codon, No hydrophobic, No negatives"
"/,P,Q,R,S,W","YVG, YVR","Stop codon, No negatives"
"/,P,Q,S","YMA, YMG, YMR","Stop codon, No hydrophobic, No positives, No negatives"
"/,P,R,S",YSA,"Stop codon, No hydrophobic, No negatives"
"/,P,R,S,T",HSA,"Stop codon, No hydrophobic, No negatives"
"/,P,R,S,T,W",HSR,"Stop codon, No negatives"
"/,P,R,S,W",YSR,"Stop codon, No negatives"
"/,Q","YAA, YAG, YAR","Stop codon, No hydrophobic, No positives, No negatives"
"/,Q,R",YRA,"Stop codon, No hydrophobic, No negatives"
"/,Q,R,W","YRG, YRR","Stop codon, No negatives"
"/,R","YGA, WGA, HGA","Stop codon, No hydrophobic, No polar, No negatives"
"/,R,S,T",WSA,"Stop codon, No hydrophobic, No negatives"
"/,R,S,T,W",WSR,"Stop codon, No negatives"
"/,R,W","YGR, WGR, HGR","Stop codon, No polar, No negatives"
"/,S","TMA, TMG, TMR, TSA, TVA","Stop codon, No hydrophobic, No positives, No negatives"
"/,S,W","TSR, TVG, TVR","Stop codon, No positives, No negatives"
"/,S,Y","TMK, TMM, TMS, TMW, TMB, TMD, TMH, TMV, TMN","Stop codon, No hydrophobic, No positives, No negatives"
"/,W","TGR, TRG, TRR","Stop codon, No polar, No positives, No negatives"
"/,Y","TAK, TAM, TAS, TAW, TAB, TAD, TAH, TAV, TAN","Stop codon, No hydrophobic, No positives, No negatives"
A,"GCA, GCC, GCG, GCT, GCR, GCY, GCK, GCM, GCS, GCW, GCB, GCD, GCH, GCV, GCN",All hydrophobic
"A,C,D,F,G,H,I,L,N,P,R,S,T,V,Y","NNC, NNT, NNY",
"A,C,D,F,G,H,L,P,R,S,V,Y","BNC, BNT, BNY",
"A,C,D,F,G,I,N,S,T,V,Y","DNC, DNT, DNY",No positives
"A,C,D,F,G,S,V,Y","KNC, KNT, KNY",No positives
"A,C,D,G,H,N,P,R,S,T,Y","NVC, NVT, NVY",
"A,C,D,G,H,P,R,S,Y","BVC, BVT, BVY",
"A,C,D,G,N,S,T,Y","DVC, DVT, DVY",No positives
"A,C,D,G,S,Y","KVC, KVT, KVY",No positives
"A,C,F,G,I,L,M,P,R,S,T,V,W","NBK, NBS, NBB",No negatives
"A,C,F,G,I,L,M,R,S,T,V,W","DBK, DBS, DBB",No negatives
"A,C,F,G,I,L,P,R,S,T,V","NBC, NBT, NBY",No negatives
"A,C,F,G,I,S,T,V","DBC, DBT, DBY","No positives, No negatives"
"A,C,F,G,L,P,R,S,V","BBC, BBT, BBY",No negatives
"A,C,F,G,L,P,R,S,V,W","BBK, BBS, BBB",No negatives
"A,C,F,G,L,S,V,W","KBK, KBS, KBB","No positives, No negatives"
"A,C,F,G,S,V","KBC, KBT, KBY","No positives, No negatives"
"A,C,G,P,R,S","BSC, BST, BSY",No negatives
"A,C,G,P,R,S,T","NSC, NST, NSY",No negatives
"A,C,G,P,R,S,T,W","NSK, NSS, NSB",No negatives
"A,C,G,P,R,S,W","BSK, BSS, BSB",No negatives
"A,C,G,R,S,T,W","DSK, DSS, DSB",No negatives
"A,C,G,S","KSC, KST, KSY","No positives, No negatives"
"A,C,G,S,T","DSC, DST, DSY","No positives, No negatives"
"A,C,G,S,W","KSK, KSS, KSB","No positives, No negatives"
"A,D","GMC, GMT, GMY","No polar, No positives"
"A,D,E","GMK, GMM, GMS, GMW, GMB, GMD, GMH, GMV, GMN","No polar, No positives"
"A,D,E,G","GVK, GVM, GVS, GVW, GVB, GVD, GVH, GVV, GVN","No polar, No positives"
"A,D,E,G,H,I,K,L,M,N,P,Q,R,S,T,V","VNK, VNS, VNB, VND, VNV, VNN",
"A,D,E,G,H,I,K,L,N,P,Q,R,S,T,V","VNM, VNW, VNH",
"A,D,E,G,H,K,N,P,Q,R,S,T","VVK, VVM, VVS, VVW, VVB, VVD, VVH, VVV, VVN",
"A,D,E,G,H,L,P,Q,R,V","SNK, SNM, SNS, SNW, SNB, SND, SNH, SNV, SNN",
"A,D,E,G,H,P,Q,R","SVK, SVM, SVS, SVW, SVB, SVD, SVH, SVV, SVN",
"A,D,E,G,I,K,M,N,R,S,T,V","RNK, RNS, RNB, RND, RNV, RNN",
"A,D,E,G,I,K,N,R,S,T,V","RNM, RNW, RNH",
"A,D,E,G,K,N,R,S,T","RVK, RVM, RVS, RVW, RVB, RVD, RVH, RVV, RVN",
"A,D,E,G,V","GNK, GNM, GNS, GNW, GNB, GND, GNH, GNV, GNN","No polar, No positives"
"A,D,E,H,I,K,L,M,N,P,Q,T,V","VHK, VHS, VHB, VHD, VHV, VHN",
"A,D,E,H,I,K,L,N,P,Q,T,V","VHM, VHW, VHH",
"A,D,E,H,K,N,P,Q,T","VMK, VMM, VMS, VMW, VMB, VMD, VMH, VMV, VMN",
"A,D,E,H,L,P,Q,V","SHK, SHM, SHS, SHW, SHB, SHD, SHH, SHV, SHN",
"A,D,E,H,P,Q","SMK, SMM, SMS, SMW, SMB, SMD, SMH, SMV, SMN",
"A,D,E,I,K,M,N,T,V","RHK, RHS, RHB, RHD, RHV, RHN",
"A,D,E,I,K,N,T,V","RHM, RHW, RHH",
"A,D,E,K,N,T","RMK, RMM, RMS, RMW, RMB, RMD, RMH, RMV, RMN",
"A,D,E,V","GHK, GHM, GHS, GHW, GHB, GHD, GHH, GHV, GHN","No polar, No positives"
"A,D,F,H,I,L,N,P,S,T,V,Y","NHC, NHT, NHY",
"A,D,F,H,L,P,S,V,Y","BHC, BHT, BHY",
"A,D,F,I,N,S,T,V,Y","DHC, DHT, DHY",No positives
"A,D,F,S,V,Y","KHC, KHT, KHY",No positives
"A,D,G","GVC, GVT, GVY","No polar, No positives"
"A,D,G,H,I,L,N,P,R,S,T,V","VNC, VNT, VNY",
"A,D,G,H,L,P,R,V","SNC, SNT, SNY",No polar
"A,D,G,H,N,P,R,S,T","VVC, VVT, VVY",
"A,D,G,H,P,R","SVC, SVT, SVY",No polar
"A,D,G,I,N,S,T,V","RNC, RNT, RNY",No positives
"A,D,G,N,S,T","RVC, RVT, RVY",No positives
"A,D,G,V","GNC, GNT, GNY","No polar, No positives"
"A,D,H,I,L,N,P,T,V","VHC, VHT, VHY",
"A,D,H,L,P,V","SHC, SHT, SHY",No polar
"A,D,H,N,P,S,T,Y","NMC, NMT, NMY",
"A,D,H,N,P,T","VMC, VMT, VMY",
"A,D,H,P","SMC, SMT, SMY",No polar
"A,D,H,P,S,Y","BMC, BMT, BMY",
"A,D,I,N,T,V","RHC, RHT, RHY",No positives
"A,D,N,S,T,Y","DMC, DMT, DMY",No positives
"A,D,N,T","RMC, RMT, RMY",No positives
"A,D,S,Y","KMC, KMT, KMY",No positives
"A,D,V","GHC, GHT, GHY","No polar, No positives"
"A,E","GMA, GMG, GMR","No polar, No positives"
"A,E,G","GVA, GVG, GVR","No polar, No positives"
"A,E,G,I,K,L,M,P,Q,R,T,V",VNR,
"A,E,G,I,K,L,P,Q,R,T,V",VNA,
"A,E,G,I,K,M,R,T,V",RNR,
"A,E,G,I,K,R,T,V",RNA,
"A,E,G,K,L,M,P,Q,R,T,V",VNG,
"A,E,G,K,M,R,T,V",RNG,
"A,E,G,K,P,Q,R,T","VVA, VVG, VVR",
"A,E,G,K,R,T","RVA, RVG, RVR",
"A,E,G,L,P,Q,R,V","SNA, SNG, SNR",
"A,E,G,P,Q,R","SVA, SVG, SVR",
"A,E,G,V","GNA, GNG, GNR","No polar, No positives"
"A,E,I,K,L,M,P,Q,T,V",VHR,
"A,E,I,K,L,P,Q,T,V",VHA,
"A,E,I,K,M,T,V",RHR,
"A,E,I,K,T,V",RHA,
"A,E,K,L,M,P,Q,T,V",VHG,
"A,E,K,M,T,V",RHG,
"A,E,K,P,Q,T","VMA, VMG, VMR",
"A,E,K,T","RMA, RMG, RMR",
"A,E,L,P,Q,V","SHA, SHG, SHR",No positives
"A,E,P,Q","SMA, SMG, SMR",No positives
"A,E,V","GHA, GHG, GHR","No polar, No positives"
"A,F,I,L,M,P,S,T,V","NYK, NYS, NYB, NYD, NYV, NYN","No positives, No negatives"
"A,F,I,L,M,S,T,V","DYK, DYS, DYB, DYD, DYV, DYN","No positives, No negatives"
"A,F,I,L,P,S,T,V","NYC, NYT, NYY, NYM, NYW, NYH","No positives, No negatives"
"A,F,I,L,S,T,V","DYM, DYW, DYH","No positives, No negatives"
"A,F,I,S,T,V","DYC, DYT, DYY","No positives, No negatives"
"A,F,L,P,S,V","BYC, BYT, BYY, BYK, BYM, BYS, BYW, BYB, BYD, BYH, BYV, BYN","No positives, No negatives"
"A,F,L,S,V","KYK, KYM, KYS, KYW, KYB, KYD, KYH, KYV, KYN","No positives, No negatives"
"A,F,S,V","KYC, KYT, KYY","No positives, No negatives"
"A,G","GSA, GSC, GSG, GST, GSR, GSY, GSK, GSM, GSS, GSW, GSB, GSD, GSH, GSV, GSN","No polar, No positives, No negatives"
"A,G,I,L,M,P,R,S,T,V","VBK, VBS, VBB, VBD, VBV, VBN",No negatives
"A,G,I,L,M,P,R,T,V",VBR,No negatives
"A,G,I,L,P,R,S,T,V","VBC, VBT, VBY, VBM, VBW, VBH",No negatives
"A,G,I,L,P,R,T,V",VBA,No negatives
"A,G,I,M,R,S,T,V","RBK, RBS, RBB, RBD, RBV, RBN",No negatives
"A,G,I,M,R,T,V",RBR,No negatives
"A,G,I,R,S,T,V","RBM, RBW, RBH",No negatives
"A,G,I,R,T,V",RBA,No negatives
"A,G,I,S,T,V","RBC, RBT, RBY","No positives, No negatives"
"A,G,L,M,P,R,S,T,V,W",NBG,No negatives
"A,G,L,M,P,R,T,V",VBG,No negatives
"A,G,L,M,R,S,T,V,W",DBG,No negatives
"A,G,L,P,R,S,V,W",BBG,No negatives
"A,G,L,P,R,V","SBA, SBC, SBG, SBT, SBR, SBY, SBK, SBM, SBS, SBW, SBB, SBD, SBH, SBV, SBN","No polar, No negatives"
"A,G,L,S,V,W",KBG,"No positives, No negatives"
"A,G,M,R,T,V",RBG,No negatives
"A,G,P,R","SSA, SSC, SSG, SST, SSR, SSY, SSK, SSM, SSS, SSW, SSB, SSD, SSH, SSV, SSN","No polar, No negatives"
"A,G,P,R,S,T","VSC, VST, VSY, VSK, VSM, VSS, VSW, VSB, VSD, VSH, VSV, VSN",No negatives
"A,G,P,R,S,T,W",NSG,No negatives
"A,G,P,R,S,W",BSG,No negatives
"A,G,P,R,T","VSA, VSG, VSR",No negatives
"A,G,R,S,T","RSK, RSM, RSS, RSW, RSB, RSD, RSH, RSV, RSN",No negatives
"A,G,R,S,T,W",DSG,No negatives
"A,G,R,T","RSA, RSG, RSR",No negatives
"A,G,S,T","RSC, RST, RSY","No positives, No negatives"
"A,G,S,W",KSG,"No positives, No negatives"
"A,G,V","GBA, GBC, GBG, GBT, GBR, GBY, GBK, GBM, GBS, GBW, GBB, GBD, GBH, GBV, GBN","No polar, No positives, No negatives"
"A,I,L,M,P,S,T,V",NYR,"No positives, No negatives"
"A,I,L,M,P,T,V","VYR, VYK, VYS, VYB, VYD, VYV, VYN","No positives, No negatives"
"A,I,L,M,S,T,V",DYR,"No positives, No negatives"
"A,I,L,P,S,T,V",NYA,"No positives, No negatives"
"A,I,L,P,T,V","VYA, VYC, VYT, VYY, VYM, VYW, VYH","No positives, No negatives"
"A,I,L,S,T,V",DYA,"No positives, No negatives"
"A,I,M,T,V","RYR, RYK, RYS, RYB, RYD, RYV, RYN","No positives, No negatives"
"A,I,T,V","RYA, RYC, RYT, RYY, RYM, RYW, RYH","No positives, No negatives"
"A,L,M,P,S,T,V",NYG,"No positives, No negatives"
"A,L,M,P,T,V",VYG,"No positives, No negatives"
"A,L,M,S,T,V",DYG,"No positives, No negatives"
"A,L,P,S,V","BYA, BYG, BYR","No positives, No negatives"
"A,L,P,V","SYA, SYC, SYG, SYT, SYR, SYY, SYK, SYM, SYS, SYW, SYB, SYD, SYH, SYV, SYN","No polar, No positives, No negatives"
"A,L,S,V","KYA, KYG, KYR","No positives, No negatives"
"A,M,T,V",RYG,"No positives, No negatives"
"A,P","SCA, SCC, SCG, SCT, SCR, SCY, SCK, SCM, SCS, SCW, SCB, SCD, SCH, SCV, SCN","No polar, No positives, No negatives"
"A,P,S","BCA, BCC, BCG, BCT, BCR, BCY, BCK, BCM, BCS, BCW, BCB, BCD, BCH, BCV, BCN","No positives, No negatives"
"A,P,S,T","NCA, NCC, NCG, NCT, NCR, NCY, NCK, NCM, NCS, NCW, NCB, NCD, NCH, NCV, NCN","No positives, No negatives"
"A,P,T","VCA, VCC, VCG, VCT, VCR, VCY, VCK, VCM, VCS, VCW, VCB, VCD, VCH, VCV, VCN","No positives, No negatives"
"A,S","KCA, KCC, KCG, KCT, KCR, KCY, KCK, KCM, KCS, KCW, KCB, KCD, KCH, KCV, KCN","No positives, No negatives"
"A,S,T","DCA, DCC, DCG, DCT, DCR, DCY, DCK, DCM, DCS, DCW, DCB, DCD, DCH, DCV, DCN","No positives, No negatives"
"A,T","RCA, RCC, RCG, RCT, RCR, RCY, RCK, RCM, RCS, RCW, RCB, RCD, RCH, RCV, RCN","No positives, No negatives"
"A,V","GYA, GYC, GYG, GYT, GYR, GYY, GYK, GYM, GYS, GYW, GYB, GYD, GYH, GYV, GYN",All hydrophobic
C,"TGC, TGT, TGY","No hydrophobic, No polar, No positives, No negatives"
"C,D,F,G,H,I,L,N,R,S,V,Y","NDC, NDT, NDY",
"C,D,F,G,H,L,R,V,Y","BDC, BDT, BDY",
"C,D,F,G,I,N,S,V,Y","DDC, DDT, DDY",No positives
"C,D,F,G,V,Y","KDC, KDT, KDY",No positives
"C,D,G,H,N,R,S,Y","NRC, NRT, NRY",No hydrophobic
"C,D,G,H,R,Y","BRC, BRT, BRY",No hydrophobic
"C,D,G,N,S,Y","DRC, DRT, DRY","No hydrophobic, No positives"
"C,D,G,Y","KRC, KRT, KRY","No hydrophobic, No positives"
"C,F","TKC, TKT, TKY","No polar, No positives, No negatives"
"C,F,G,I,L,M,R,S,V,W","DKK, DKS, DKB, NKK, NKS, NKB",No negatives
"C,F,G,I,L,R,S,V","NKC, NKT, NKY",No negatives
"C,F,G,I,S,V","DKC, DKT, DKY","No positives, No negatives"
"C,F,G,L,R,V","BKC, BKT, BKY","No polar, No negatives"
"C,F,G,L,R,V,W","BKK, BKS, BKB","No polar, No negatives"
"C,F,G,L,V,W","KKK, KKS, KKB","No polar, No positives, No negatives"
"C,F,G,V","KKC, KKT, KKY","No polar, No positives, No negatives"
"C,F,H,I,L,N,P,R,S,T,Y","HNC, HNT, HNY",No negatives
"C,F,H,I,L,N,R,S,Y","HDC, HDT, HDY",No negatives
"C,F,H,L,P,R,S,Y","YNC, YNT, YNY",No negatives
"C,F,H,L,R,Y","YDC, YDT, YDY",No negatives
"C,F,I,L,M,P,R,S,T,W","HBK, HBS, HBB",No negatives
"C,F,I,L,M,R,S,T,W","WBK, WBS, WBB",No negatives
"C,F,I,L,M,R,S,W","WKK, WKS, WKB, HKK, HKS, HKB",No negatives
"C,F,I,L,P,R,S,T","HBC, HBT, HBY",No negatives
"C,F,I,L,R,S","HKC, HKT, HKY",No negatives
"C,F,I,N,S,T,Y","WNC, WNT, WNY","No positives, No negatives"
"C,F,I,N,S,Y","WDC, WDT, WDY","No positives, No negatives"
"C,F,I,S","WKC, WKT, WKY","No positives, No negatives"
"C,F,I,S,T","WBC, WBT, WBY","No positives, No negatives"
"C,F,L,P,R,S","YBC, YBT, YBY",No negatives
"C,F,L,P,R,S,W","YBK, YBS, YBB",No negatives
"C,F,L,R","YKC, YKT, YKY","No polar, No negatives"
"C,F,L,R,W","YKK, YKS, YKB","No polar, No negatives"
"C,F,L,S,W","TBK, TBS, TBB","No positives, No negatives"
"C,F,L,W","TKK, TKS, TKB","No polar, No positives, No negatives"
"C,F,S","TBC, TBT, TBY","No positives, No negatives"
"C,F,S,Y","TNC, TNT, TNY","No positives, No negatives"
"C,F,Y","TDC, TDT, TDY","No positives, No negatives"
"C,G","KGC, KGT, KGY","No hydrophobic, No polar, No positives, No negatives"
"C,G,R","BGC, BGT, BGY","No hydrophobic, No polar, No negatives"
"C,G,R,S","NGC, NGT, NGY","No hydrophobic, No negatives"
"C,G,R,S,W","DGK, DGS, DGB, NGK, NGS, NGB",No negatives
"C,G,R,W","BGK, BGS, BGB","No polar, No negatives"
"C,G,S","DGC, DGT, DGY","No hydrophobic, No positives, No negatives"
"C,G,W","KGK, KGS, KGB","No polar, No positives, No negatives"
"C,H,N,P,R,S,T,Y","HVC, HVT, HVY","No hydrophobic, No negatives"
"C,H,N,R,S,Y","HRC, HRT, HRY","No hydrophobic, No negatives"
"C,H,P,R,S,Y","YVC, YVT, YVY","No hydrophobic, No negatives"
"C,H,R,Y","YRC, YRT, YRY","No hydrophobic, No negatives"
"C,N,S,T,Y","WVC, WVT, WVY","No hydrophobic, No positives, No negatives"
"C,N,S,Y","WRC, WRT, WRY","No hydrophobic, No positives, No negatives"
"C,P,R,S","YSC, YST, YSY","No hydrophobic, No negatives"
"C,P,R,S,T","HSC, HST, HSY","No hydrophobic, No negatives"
"C,P,R,S,T,W","HSK, HSS, HSB",No negatives
"C,P,R,S,W","YSK, YSS, YSB",No negatives
"C,R","YGC, YGT, YGY","No hydrophobic, No polar, No negatives"
"C,R,S","HGC, HGT, HGY","No hydrophobic, No negatives"
"C,R,S,T,W","WSK, WSS, WSB",No negatives
"C,R,S,W","WGK, WGS, WGB, HGK, HGS, HGB",No negatives
"C,R,W","YGK, YGS, YGB","No polar, No negatives"
"C,S","TSC, TST, TSY, WGC, WGT, WGY","No hydrophobic, No positives, No negatives"
"C,S,T","WSC, WST, WSY","No hydrophobic, No positives, No negatives"
"C,S,W","TSK, TSS, TSB","No positives, No negatives"
"C,S,Y","TVC, TVT, TVY","No hydrophobic, No positives, No negatives"
"C,W","TGK, TGS, TGB","No polar, No positives, No negatives"
"C,Y","TRC, TRT, TRY","No hydrophobic, No positives, No negatives"
D,"GAC, GAT, GAY",All negatives
"D,E","GAK, GAM, GAS, GAW, GAB, GAD, GAH, GAV, GAN",All negatives
"D,E,G","GRK, GRM, GRS, GRW, GRB, GRD, GRH, GRV, GRN","No hydrophobic, No polar, No positives"
"D,E,G,H,I,K,L,M,N,Q,R,S,V","VDK, VDS, VDB, VDD, VDV, VDN",
"D,E,G,H,I,K,L,N,Q,R,S,V","VDM, VDW, VDH",
"D,E,G,H,K,N,Q,R,S","VRK, VRM, VRS, VRW, VRB, VRD, VRH, VRV, VRN",No hydrophobic
"D,E,G,H,L,Q,R,V","SDK, SDM, SDS, SDW, SDB, SDD, SDH, SDV, SDN",
"D,E,G,H,Q,R","SRK, SRM, SRS, SRW, SRB, SRD, SRH, SRV, SRN",No hydrophobic
"D,E,G,I,K,M,N,R,S,V","RDK, RDS, RDB, RDD, RDV, RDN",
"D,E,G,I,K,N,R,S,V","RDM, RDW, RDH",
"D,E,G,K,N,R,S","RRK, RRM, RRS, RRW, RRB, RRD, RRH, RRV, RRN",No hydrophobic
"D,E,G,V","GDK, GDM, GDS, GDW, GDB, GDD, GDH, GDV, GDN","No polar, No positives"
"D,E,H,I,K,L,M,N,Q,V","VWK, VWS, VWB, VWD, VWV, VWN",
"D,E,H,I,K,L,N,Q,V","VWM, VWW, VWH",
"D,E,H,K,N,Q","VAK, VAM, VAS, VAW, VAB, VAD, VAH, VAV, VAN",No hydrophobic
"D,E,H,L,Q,V","SWK, SWM, SWS, SWW, SWB, SWD, SWH, SWV, SWN",
"D,E,H,Q","SAK, SAM, SAS, SAW, SAB, SAD, SAH, SAV, SAN",No hydrophobic
"D,E,I,K,M,N,V","RWK, RWS, RWB, RWD, RWV, RWN",
"D,E,I,K,N,V","RWM, RWW, RWH",
"D,E,K,N","RAK, RAM, RAS, RAW, RAB, RAD, RAH, RAV, RAN",No hydrophobic
"D,E,V","GWK, GWM, GWS, GWW, GWB, GWD, GWH, GWV, GWN","No polar, No positives"
"D,F,H,I,L,N,V,Y","NWC, NWT, NWY",
"D,F,H,L,V,Y","BWC, BWT, BWY",
"D,F,I,N,V,Y","DWC, DWT, DWY",No positives
"D,F,V,Y","KWC, KWT, KWY",No positives
"D,G","GRC, GRT, GRY","No hydrophobic, No polar, No positives"
"D,G,H,I,L,N,R,S,V","VDC, VDT, VDY",
"D,G,H,L,R,V","SDC, SDT, SDY",No polar
"D,G,H,N,R,S","VRC, VRT, VRY",No hydrophobic
"D,G,H,R","SRC, SRT, SRY","No hydrophobic, No polar"
"D,G,I,N,S,V","RDC, RDT, RDY",No positives
"D,G,N,S","RRC, RRT, RRY","No hydrophobic, No positives"
"D,G,V","GDC, GDT, GDY","No polar, No positives"
"D,H","SAC, SAT, SAY","No hydrophobic, No polar"
"D,H,I,L,N,V","VWC, VWT, VWY",
"D,H,L,V","SWC, SWT, SWY",No polar
"D,H,N","VAC, VAT, VAY",No hydrophobic
"D,H,N,Y","NAC, NAT, NAY",No hydrophobic
"D,H,Y","BAC, BAT, BAY",No hydrophobic
"D,I,N,V","RWC, RWT, RWY",No positives
"D,N","RAC, RAT, RAY","No hydrophobic, No positives"
"D,N,Y","DAC, DAT, DAY","No hydrophobic, No positives"
"D,V","GWC, GWT, GWY","No polar, No positives"
"D,Y","KAC, KAT, KAY","No hydrophobic, No positives"
E,"GAA, GAG, GAR",All negatives
"E,G","GRA, GRG, GRR","No hydrophobic, No polar, No positives"
"E,G,I,K,L,M,Q,R,V",VDR,
"E,G,I,K,L,Q,R,V",VDA,
"E,G,I,K,M,R,V",RDR,No polar
"E,G,I,K,R,V",RDA,No polar
"E,G,K,L,M,Q,R,V",VDG,
"E,G,K,M,R,V",RDG,No polar
"E,G,K,Q,R","VRA, VRG, VRR",No hydrophobic
"E,G,K,R","RRA, RRG, RRR","No hydrophobic, No polar"
"E,G,L,Q,R,V","SDA, SDG, SDR",
"E,G,Q,R","SRA, SRG, SRR",No hydrophobic
"E,G,V","GDA, GDG, GDR","No polar, No positives"
"E,I,K,L,M,Q,V",VWR,
"E,I,K,L,Q,V",VWA,
"E,I,K,M,V",RWR,No polar
"E,I,K,V",RWA,No polar
"E,K","RAA, RAG, RAR","No hydrophobic, No polar"
"E,K,L,M,Q,V",VWG,
"E,K,M,V",RWG,No polar
"E,K,Q","VAA, VAG, VAR",No hydrophobic
"E,L,Q,V","SWA, SWG, SWR",No positives
"E,Q","SAA, SAG, SAR","No hydrophobic, No positives"
"E,V","GWA, GWG, GWR","No polar, No positives"
F,"TTC, TTT, TTY",All hydrophobic
"F,H,I,L,N,P,S,T,Y","HHC, HHT, HHY",No negatives
"F,H,I,L,N,Y","HWC, HWT, HWY",No negatives
"F,H,L,P,S,Y","YHC, YHT, YHY",No negatives
"F,H,L,Y","YWC, YWT, YWY",No negatives
"F,I","WTC, WTT, WTY",All hydrophobic
"F,I,L","WTM, WTW, WTH, HTC, HTT, HTY, HTM, HTW, HTH",All hydrophobic
"F,I,L,M","WTK, WTS, WTB, WTD, WTV, WTN, HTK, HTS, HTB, HTD, HTV, HTN",All hydrophobic
"F,I,L,M,P,S,T","HYK, HYS, HYB, HYD, HYV, HYN","No positives, No negatives"
"F,I,L,M,S,T","WYK, WYS, WYB, WYD, WYV, WYN","No positives, No negatives"
"F,I,L,M,V","DTK, DTS, DTB, DTD, DTV, DTN, NTK, NTS, NTB, NTD, NTV, NTN",All hydrophobic
"F,I,L,P,S,T","HYC, HYT, HYY, HYM, HYW, HYH","No positives, No negatives"
"F,I,L,S,T","WYM, WYW, WYH","No positives, No negatives"
"F,I,L,V","DTM, DTW, DTH, NTC, NTT, NTY, NTM, NTW, NTH",All hydrophobic
"F,I,N,S,T,Y","WHC, WHT, WHY","No positives, No negatives"
"F,I,N,Y","WWC, WWT, WWY","No positives, No negatives"
"F,I,S,T","WYC, WYT, WYY","No positives, No negatives"
"F,I,V","DTC, DTT, DTY",All hydrophobic
"F,L","TTK, TTM, TTS, TTW, TTB, TTD, TTH, TTV, TTN, YTC, YTT, YTY, YTK, YTM, YTS, YTW, YTB, YTD, YTH, YTV, YTN",All hydrophobic
"F,L,P,S","YYC, YYT, YYY, YYK, YYM, YYS, YYW, YYB, YYD, YYH, YYV, YYN","No positives, No negatives"
"F,L,S","TYK, TYM, TYS, TYW, TYB, TYD, TYH, TYV, TYN","No positives, No negatives"
"F,L,V","KTK, KTM, KTS, KTW, KTB, KTD, KTH, KTV, KTN, BTC, BTT, BTY, BTK, BTM, BTS, BTW, BTB, BTD, BTH, BTV, BTN",All hydrophobic
"F,S","TYC, TYT, TYY","No positives, No negatives"
"F,S,Y","THC, THT, THY","No positives, No negatives"
"F,V","KTC, KTT, KTY",All hydrophobic
"F,Y","TWC, TWT, TWY","No positives, No negatives"
G,"GGA, GGC, GGG, GGT, GGR, GGY, GGK, GGM, GGS, GGW, GGB, GGD, GGH, GGV, GGN","No hydrophobic, No polar, No positives, No negatives"
"G,I,L,M,R,S,V","VKK, VKS, VKB, VKD, VKV, VKN",No negatives
"G,I,L,M,R,V",VKR,"No polar, No negatives"
"G,I,L,R,S,V","VKC, VKT, VKY, VKM, VKW, VKH",No negatives
"G,I,L,R,V",VKA,"No polar, No negatives"
"G,I,M,R,S,V","RKK, RKS, RKB, RKD, RKV, RKN",No negatives
"G,I,M,R,V",RKR,"No polar, No negatives"
"G,I,R,S,V","RKM, RKW, RKH",No negatives
"G,I,R,V",RKA,"No polar, No negatives"
"G,I,S,V","RKC, RKT, RKY","No positives, No negatives"
"G,L,M,R,V",VKG,"No polar, No negatives"
"G,L,M,R,V,W","DKG, NKG","No polar, No negatives"
"G,L,R,V","SKA, SKC, SKG, SKT, SKR, SKY, SKK, SKM, SKS, SKW, SKB, SKD, SKH, SKV, SKN","No polar, No negatives"
"G,L,R,V,W",BKG,"No polar, No negatives"
"G,L,V,W",KKG,"No polar, No positives, No negatives"
"G,M,R,V",RKG,"No polar, No negatives"
"G,R","RGA, RGG, RGR, SGA, SGC, SGG, SGT, SGR, SGY, SGK, SGM, SGS, SGW, SGB, SGD, SGH, SGV, SGN, VGA, VGG, VGR","No hydrophobic, No polar, No negatives"
"G,R,S","RGK, RGM, RGS, RGW, RGB, RGD, RGH, RGV, RGN, VGC, VGT, VGY, VGK, VGM, VGS, VGW, VGB, VGD, VGH, VGV, VGN","No hydrophobic, No negatives"
"G,R,W","BGG, DGG, NGG","No polar, No negatives"
"G,S","RGC, RGT, RGY","No hydrophobic, No positives, No negatives"
"G,V","GKA, GKC, GKG, GKT, GKR, GKY, GKK, GKM, GKS, GKW, GKB, GKD, GKH, GKV, GKN","No polar, No positives, No negatives"
"G,W",KGG,"No polar, No positives, No negatives"
H,"CAC, CAT, CAY",All positives
"H,I,K,L,M,N,P,Q,R,S,T","MNK, MNS, MNB, MND, MNV, MNN",No negatives
"H,I,K,L,M,N,P,Q,T","MHK, MHS, MHB, MHD, MHV, MHN",No negatives
"H,I,K,L,M,N,Q","MWK, MWS, MWB, MWD, MWV, MWN",No negatives
"H,I,K,L,M,N,Q,R,S","MDK, MDS, MDB, MDD, MDV, MDN",No negatives
"H,I,K,L,N,P,Q,R,S,T","MNM, MNW, MNH",No negatives
"H,I,K,L,N,P,Q,T","MHM, MHW, MHH",No negatives
"H,I,K,L,N,Q","MWM, MWW, MWH",No negatives
"H,I,K,L,N,Q,R,S","MDM, MDW, MDH",No negatives
"H,I,L,N","MWC, MWT, MWY",No negatives
"H,I,L,N,P,R,S,T","MNC, MNT, MNY",No negatives
"H,I,L,N,P,T","MHC, MHT, MHY",No negatives
"H,I,L,N,R,S","MDC, MDT, MDY",No negatives
"H,K,N,P,Q,R,S,T","MVK, MVM, MVS, MVW, MVB, MVD, MVH, MVV, MVN","No hydrophobic, No negatives"
"H,K,N,P,Q,T","MMK, MMM, MMS, MMW, MMB, MMD, MMH, MMV, MMN","No hydrophobic, No negatives"
"H,K,N,Q","MAK, MAM, MAS, MAW, MAB, MAD, MAH, MAV, MAN","No hydrophobic, No negatives"
"H,K,N,Q,R,S","MRK, MRM, MRS, MRW, MRB, MRD, MRH, MRV, MRN","No hydrophobic, No negatives"
"H,L","CWC, CWT, CWY","No polar, No negatives"
"H,L,P","CHC, CHT, CHY","No polar, No negatives"
"H,L,P,Q","CHK, CHM, CHS, CHW, CHB, CHD, CHH, CHV, CHN",No negatives
"H,L,P,Q,R","CNK, CNM, CNS, CNW, CNB, CND, CNH, CNV, CNN",No negatives
"H,L,P,R","CNC, CNT, CNY","No polar, No negatives"
"H,L,Q","CWK, CWM, CWS, CWW, CWB, CWD, CWH, CWV, CWN",No negatives
"H,L,Q,R","CDK, CDM, CDS, CDW, CDB, CDD, CDH, CDV, CDN",No negatives
"H,L,R","CDC, CDT, CDY","No polar, No negatives"
"H,N","MAC, MAT, MAY","No hydrophobic, No negatives"
"H,N,P,R,S,T","MVC, MVT, MVY","No hydrophobic, No negatives"
"H,N,P,S,T,Y","HMC, HMT, HMY","No hydrophobic, No negatives"
"H,N,P,T","MMC, MMT, MMY","No hydrophobic, No negatives"
"H,N,R,S","MRC, MRT, MRY","No hydrophobic, No negatives"
"H,N,Y","HAC, HAT, HAY","No hydrophobic, No negatives"
"H,P","CMC, CMT, CMY","No hydrophobic, No polar, No negatives"
"H,P,Q","CMK, CMM, CMS, CMW, CMB, CMD, CMH, CMV, CMN","No hydrophobic, No negatives"
"H,P,Q,R","CVK, CVM, CVS, CVW, CVB, CVD, CVH, CVV, CVN","No hydrophobic, No negatives"
"H,P,R","CVC, CVT, CVY","No hydrophobic, No polar, No negatives"
"H,P,S,Y","YMC, YMT, YMY","No hydrophobic, No negatives"
"H,Q","CAK, CAM, CAS, CAW, CAB, CAD, CAH, CAV, CAN","No hydrophobic, No negatives"
"H,Q,R","CRK, CRM, CRS, CRW, CRB, CRD, CRH, CRV, CRN","No hydrophobic, No negatives"
"H,R","CRC, CRT, CRY",All positives
"H,Y","YAC, YAT, YAY","No hydrophobic, No negatives"
I,"ATA, ATC, ATT, ATY, ATM, ATW, ATH",All hydrophobic
"I,K",AWA,"No polar, No negatives"
"I,K,L,M,P,Q,R,T",MNR,No negatives
"I,K,L,M,P,Q,T",MHR,No negatives
"I,K,L,M,Q",MWR,No negatives
"I,K,L,M,Q,R",MDR,No negatives
"I,K,L,P,Q,R,T",MNA,No negatives
"I,K,L,P,Q,T",MHA,No negatives
"I,K,L,Q",MWA,No negatives
"I,K,L,Q,R",MDA,No negatives
"I,K,M",AWR,"No polar, No negatives"
"I,K,M,N","AWK, AWS, AWB, AWD, AWV, AWN",No negatives
"I,K,M,N,R,S","ADK, ADS, ADB, ADD, ADV, ADN",No negatives
"I,K,M,N,R,S,T","ANK, ANS, ANB, AND, ANV, ANN",No negatives
"I,K,M,N,T","AHK, AHS, AHB, AHD, AHV, AHN",No negatives
"I,K,M,R",ADR,"No polar, No negatives"
"I,K,M,R,T",ANR,No negatives
"I,K,M,T",AHR,No negatives
"I,K,N","AWM, AWW, AWH",No negatives
"I,K,N,R,S","ADM, ADW, ADH",No negatives
"I,K,N,R,S,T","ANM, ANW, ANH",No negatives
"I,K,N,T","AHM, AHW, AHH",No negatives
"I,K,R",ADA,"No polar, No negatives"
"I,K,R,T",ANA,No negatives
"I,K,T",AHA,No negatives
"I,L","MTA, MTC, MTT, MTY, MTM, MTW, MTH, WTA, HTA",All hydrophobic
"I,L,M","MTR, MTK, MTS, MTB, MTD, MTV, MTN, WTR, HTR",All hydrophobic
"I,L,M,P,R,S,T","MBK, MBS, MBB, MBD, MBV, MBN",No negatives
"I,L,M,P,R,T",MBR,No negatives
"I,L,M,P,S,T",HYR,"No positives, No negatives"
"I,L,M,P,T","MYR, MYK, MYS, MYB, MYD, MYV, MYN","No positives, No negatives"
"I,L,M,R",MKR,"No polar, No negatives"
"I,L,M,R,S","MKK, MKS, MKB, MKD, MKV, MKN",No negatives
"I,L,M,S,T",WYR,"No positives, No negatives"
"I,L,M,V","DTR, VTR, VTK, VTS, VTB, VTD, VTV, VTN, NTR",All hydrophobic
"I,L,P,R,S,T","MBC, MBT, MBY, MBM, MBW, MBH",No negatives
"I,L,P,R,T",MBA,No negatives
"I,L,P,S,T",HYA,"No positives, No negatives"
"I,L,P,T","MYA, MYC, MYT, MYY, MYM, MYW, MYH","No positives, No negatives"
"I,L,R",MKA,"No polar, No negatives"
"I,L,R,S","MKC, MKT, MKY, MKM, MKW, MKH",No negatives
"I,L,S,T",WYA,"No positives, No negatives"
"I,L,V","DTA, VTA, VTC, VTT, VTY, VTM, VTW, VTH, NTA",All hydrophobic
"I,M","ATR, ATK, ATS, ATB, ATD, ATV, ATN",All hydrophobic
"I,M,R",AKR,"No polar, No negatives"
"I,M,R,S","AKK, AKS, AKB, AKD, AKV, AKN",No negatives
"I,M,R,S,T","ABK, ABS, ABB, ABD, ABV, ABN",No negatives
"I,M,R,T",ABR,No negatives
"I,M,T","AYR, AYK, AYS, AYB, AYD, AYV, AYN","No positives, No negatives"
"I,M,V","RTR, RTK, RTS, RTB, RTD, RTV, RTN",All hydrophobic
"I,N","AWC, AWT, AWY","No positives, No negatives"
"I,N,S","ADC, ADT, ADY","No positives, No negatives"
"I,N,S,T","ANC, ANT, ANY","No positives, No negatives"
"I,N,T","AHC, AHT, AHY","No positives, No negatives"
"I,R",AKA,"No polar, No negatives"
"I,R,S","AKM, AKW, AKH",No negatives
"I,R,S,T","ABM, ABW, ABH",No negatives
"I,R,T",ABA,No negatives
"I,S","AKC, AKT, AKY","No positives, No negatives"
"I,S,T","ABC, ABT, ABY","No positives, No negatives"
"I,T","AYA, AYC, AYT, AYY, AYM, AYW, AYH","No positives, No negatives"
"I,V","RTA, RTC, RTT, RTY, RTM, RTW, RTH",All hydrophobic
K,"AAA, AAG, AAR",All positives
"K,L,M,P,Q,R,T",MNG,No negatives
"K,L,M,P,Q,T",MHG,No negatives
"K,L,M,Q",MWG,No negatives
"K,L,M,Q,R",MDG,No negatives
"K,M",AWG,"No polar, No negatives"
"K,M,R",ADG,"No polar, No negatives"
"K,M,R,T",ANG,No negatives
"K,M,T",AHG,No negatives
"K,N","AAK, AAM, AAS, AAW, AAB, AAD, AAH, AAV, AAN","No hydrophobic, No negatives"
"K,N,R,S","ARK, ARM, ARS, ARW, ARB, ARD, ARH, ARV, ARN","No hydrophobic, No negatives"
"K,N,R,S,T","AVK, AVM, AVS, AVW, AVB, AVD, AVH, AVV, AVN","No hydrophobic, No negatives"
"K,N,T","AMK, AMM, AMS, AMW, AMB, AMD, AMH, AMV, AMN","No hydrophobic, No negatives"
"K,P,Q,R,T","MVA, MVG, MVR","No hydrophobic, No negatives"
"K,P,Q,T","MMA, MMG, MMR","No hydrophobic, No negatives"
"K,Q","MAA, MAG, MAR","No hydrophobic, No negatives"
"K,Q,R","MRA, MRG, MRR","No hydrophobic, No negatives"
"K,R","ARA, ARG, ARR",All positives
"K,R,T","AVA, AVG, AVR","No hydrophobic, No negatives"
"K,T","AMA, AMG, AMR","No hydrophobic, No negatives"
L,"CTA, CTC, CTG, CTT, CTR, CTY, CTK, CTM, CTS, CTW, CTB, CTD, CTH, CTV, CTN, TTA, TTG, TTR, YTA, YTG, YTR",All hydrophobic
"L,M","MTG, WTG, HTG",All hydrophobic
"L,M,P,R,S,T,W",HBG,No negatives
"L,M,P,R,T",MBG,No negatives
"L,M,P,S,T",HYG,"No positives, No negatives"
"L,M,P,T",MYG,"No positives, No negatives"
"L,M,R",MKG,"No polar, No negatives"
"L,M,R,S,T,W",WBG,No negatives
"L,M,R,W","WKG, HKG","No polar, No negatives"
"L,M,S,T",WYG,"No positives, No negatives"
"L,M,V","DTG, VTG, NTG",All hydrophobic
"L,P","CYA, CYC, CYG, CYT, CYR, CYY, CYK, CYM, CYS, CYW, CYB, CYD, CYH, CYV, CYN","No polar, No positives, No negatives"
"L,P,Q","CHA, CHG, CHR","No positives, No negatives"
"L,P,Q,R","CNA, CNG, CNR",No negatives
"L,P,R","CBA, CBC, CBG, CBT, CBR, CBY, CBK, CBM, CBS, CBW, CBB, CBD, CBH, CBV, CBN","No polar, No negatives"
"L,P,R,S,W",YBG,No negatives
"L,P,S","YYA, YYG, YYR","No positives, No negatives"
"L,Q","CWA, CWG, CWR","No positives, No negatives"
"L,Q,R","CDA, CDG, CDR",No negatives
"L,R","CKA, CKC, CKG, CKT, CKR, CKY, CKK, CKM, CKS, CKW, CKB, CKD, CKH, CKV, CKN","No polar, No negatives"
"L,R,W",YKG,"No polar, No negatives"
"L,S","TYA, TYG, TYR","No positives, No negatives"
"L,S,W",TBG,"No positives, No negatives"
"L,V","KTA, KTG, KTR, STA, STC, STG, STT, STR, STY, STK, STM, STS, STW, STB, STD, STH, STV, STN, BTA, BTG, BTR",All hydrophobic
"L,W",TKG,All hydrophobic
M,ATG,All hydrophobic
"M,R",AKG,"No polar, No negatives"
"M,R,T",ABG,No negatives
"M,T",AYG,"No positives, No negatives"
"M,V",RTG,All hydrophobic
N,"AAC, AAT, AAY",All polar
"N,S","ARC, ART, ARY",All polar
"N,S,T","AVC, AVT, AVY",All polar
"N,S,T,Y","WMC, WMT, WMY",All polar
"N,T","AMC, AMT, AMY",All polar
"N,Y","WAC, WAT, WAY",All polar
P,"CCA, CCC, CCG, CCT, CCR, CCY, CCK, CCM, CCS, CCW, CCB, CCD, CCH, CCV, CCN","No hydrophobic, No polar, No positives, No negatives"
"P,Q","CMA, CMG, CMR","No hydrophobic, No positives, No negatives"
"P,Q,R","CVA, CVG, CVR","No hydrophobic, No negatives"
"P,R","CSA, CSC, CSG, CST, CSR, CSY, CSK, CSM, CSS, CSW, CSB, CSD, CSH, CSV, CSN","No hydrophobic, No polar, No negatives"
"P,R,S,T","MSC, MST, MSY, MSK, MSM, MSS, MSW, MSB, MSD, MSH, MSV, MSN","No hydrophobic, No negatives"
"P,R,S,T,W",HSG,No negatives
"P,R,S,W",YSG,No negatives
"P,R,T","MSA, MSG, MSR","No hydrophobic, No negatives"
"P,S","YCA, YCC, YCG, YCT, YCR, YCY, YCK, YCM, YCS, YCW, YCB, YCD, YCH, YCV, YCN","No hydrophobic, No positives, No negatives"
"P,S,T","HCA, HCC, HCG, HCT, HCR, HCY, HCK, HCM, HCS, HCW, HCB, HCD, HCH, HCV, HCN","No hydrophobic, No positives, No negatives"
"P,T","MCA, MCC, MCG, MCT, MCR, MCY, MCK, MCM, MCS, MCW, MCB, MCD, MCH, MCV, MCN","No hydrophobic, No positives, No negatives"
Q,"CAA, CAG, CAR",All polar
"Q,R","CRA, CRG, CRR","No hydrophobic, No negatives"
R,"AGA, AGG, AGR, CGA, CGC, CGG, CGT, CGR, CGY, CGK, CGM, CGS, CGW, CGB, CGD, CGH, CGV, CGN, MGA, MGG, MGR",All positives
"R,S","AGK, AGM, AGS, AGW, AGB, AGD, AGH, AGV, AGN, MGC, MGT, MGY, MGK, MGM, MGS, MGW, MGB, MGD, MGH, MGV, MGN","No hydrophobic, No negatives"
"R,S,T","ASK, ASM, ASS, ASW, ASB, ASD, ASH, ASV, ASN","No hydrophobic, No negatives"
"R,S,T,W",WSG,No negatives
"R,T","ASA, ASG, ASR","No hydrophobic, No negatives"
"R,W","YGG, WGG, HGG","No polar, No negatives"
S,"AGC, AGT, AGY, TCA, TCC, TCG, TCT, TCR, TCY, TCK, TCM, TCS, TCW, TCB, TCD, TCH, TCV, TCN",All polar
"S,T","ASC, AST, ASY, WCA, WCC, WCG, WCT, WCR, WCY, WCK, WCM, WCS, WCW, WCB, WCD, WCH, WCV, WCN",All polar
"S,W",TSG,"No positives, No negatives"
"S,Y","TMC, TMT, TMY",All polar
T,"ACA, ACC, ACG, ACT, ACR, ACY, ACK, ACM, ACS, ACW, ACB, ACD, ACH, ACV, ACN",All polar
V,"GTA, GTC, GTG, GTT, GTR, GTY, GTK, GTM, GTS, GTW, GTB, GTD, GTH, GTV, GTN",All hydrophobic
W,TGG,All hydrophobic
Y,"TAC, TAT, TAY",All polar
